{
  "chipNo": "asddaw-2001380891023",
  "x": 45.123123131,
  "y": 11.587401293,
  "z": 0.586510562,
  "timestamp": 1318781876406
}
